,forecast,actual
2019-01-07 10:00:00,2.2639837420117024,1.59527611116667
